CO_POSICAO;SG_AREA;CO_ITEM;TX_GABARITO;CO_HABILIDADE;IN_ITEM_ABAN;TX_MOTIVO_ABAN;NU_PARAM_A;NU_PARAM_B;NU_PARAM_C;TX_COR;CO_PROVA;TP_LINGUA
46;CN;70067;D;22;0;;205.397;-0.56066;0.14847;Branco;133;
46;CN;71251;A;17;0;;35.329;0.4356;0.25073;Branco;123;
91;LC;71697;E;5;0;;24.867;0.70119;0.11027;Cinza;126;0
103;LC;58193;C;16;0;;136.373;115.475;0.12693;Rosa;128;
101;LC;58193;C;16;0;;136.373;115.475;0.12693;Amarelo;125;
99;LC;58193;C;16;0;;136.373;115.475;0.12693;Azul;127;
47;CN;73367;C;8;0;;26.033;0.07698;0.22333;Branco;123;
115;LC;59041;B;16;0;;101.513;109.347;0.05916;Rosa;128;
91;LC;75845;D;5;0;;284.258;0.73444;0.21881;Cinza;126;1
113;LC;59041;B;16;0;;101.513;109.347;0.05916;Amarelo;125;
113;LC;59041;B;16;0;;101.513;109.347;0.05916;Azul;127;
104;LC;59047;A;12;0;;241.737;0.3578;0.37829;Cinza;135;
115;LC;59053;D;23;0;;137.445;-0.03088;0.07084;Azul;127;
115;LC;59053;D;23;0;;137.445;-0.03088;0.07084;Amarelo;125;
92;LC;73759;D;6;0;;330.464;0.34683;0.22541;Cinza;126;1
111;LC;59053;D;23;0;;137.445;-0.03088;0.07084;Rosa;128;
92;LC;59061;E;6;0;;183.982;-0.14281;0.16056;Cinza;135;1
119;LC;59073;C;24;0;;188.668;0.51902;0.19895;Cinza;135;
106;LC;59146;E;23;0;;160.467;-0.46437;0.13861;Amarelo;125;
92;LC;75898;D;5;0;;437.406;0.39162;0.31211;Cinza;126;0
109;LC;59146;E;23;0;;160.467;-0.46437;0.13861;Azul;127;
105;LC;59146;E;23;0;;160.467;-0.46437;0.13861;Rosa;128;
109;LC;59158;A;18;0;;210.932;0.31152;0.13545;Amarelo;125;
108;LC;59158;A;18;0;;210.932;0.31152;0.13545;Rosa;128;
106;LC;59158;A;18;0;;210.932;0.31152;0.13545;Azul;127;
93;LC;73694;B;7;0;;144.762;0.39287;0.15652;Cinza;126;1
106;LC;59160;E;23;0;;164.488;0.44953;0.11816;Cinza;135;
47;CN;73751;D;21;0;;321.433;0.82529;0.09098;Branco;133;
48;CN;70680;E;11;0;;206.305;0.57197;0.15773;Branco;133;
67;CN;59277;E;22;0;;114.962;257.131;0.11924;Azul;121;
64;CN;59277;E;22;0;;114.962;257.131;0.11924;Rosa;124;
63;CN;59277;E;22;0;;114.962;257.131;0.11924;Amarelo;122;
48;CN;70762;E;14;0;;358.475;0.63064;0.1944;Branco;123;
49;CN;71802;A;17;0;;136.679;-0.46614;0.22207;Branco;133;
95;LC;59556;A;8;0;;208.909;0.50623;0.2154;Cinza;135;1
114;LC;59582;C;16;0;;219.629;244.452;0.13754;Cinza;135;
102;LC;59583;D;17;0;;182.576;0.74516;0.1882;Azul;127;
100;LC;59583;D;17;0;;182.576;0.74516;0.1882;Rosa;128;
93;LC;73830;E;6;0;;396.117;0.61748;0.1347;Cinza;126;0
98;LC;59583;D;17;0;;182.576;0.74516;0.1882;Amarelo;125;
121;LC;59586;B;25;0;;176.722;0.03687;0.12587;Cinza;135;
102;LC;59604;D;12;0;;127.481;-0.29353;0.12459;Cinza;135;
127;LC;59702;B;28;0;;20.184;0.52632;0.12131;Cinza;135;
112;LC;70012;A;1;0;;126.532;0.27696;0.17019;Amarelo;125;
94;LC;71451;A;7;0;;208.444;0.12125;0.0931;Cinza;126;1
111;LC;70012;A;1;0;;126.532;0.27696;0.17019;Azul;127;
114;LC;70012;A;1;0;;126.532;0.27696;0.17019;Rosa;128;
93;LC;70028;E;7;0;;310.614;0.26757;0.20257;Cinza;135;0
156;MT;70034;A;23;0;;287.279;168.092;0.16149;Rosa;132;
159;MT;70034;A;23;0;;287.279;168.092;0.16149;Azul;131;
136;MT;70183;A;1;0;;211.832;0.73515;0.18808;Cinza;130;
160;MT;70034;A;23;0;;287.279;168.092;0.16149;Amarelo;129;
142;MT;70038;E;2;0;;156.364;207.818;0.11765;Cinza;136;
49;CN;71976;C;23;0;;294.675;184.632;0.05897;Branco;123;
54;CN;70052;C;21;0;;150.263;0.97069;0.13153;Rosa;124;
57;CN;70052;C;21;0;;150.263;0.97069;0.13153;Amarelo;122;
56;CN;70052;C;21;0;;150.263;0.97069;0.13153;Azul;121;
50;CN;70064;C;24;0;;315.008;148.931;0.17477;Branco;133;
137;MT;72052;B;10;0;;223.008;0.55451;0.27798;Cinza;130;
168;MT;70053;D;16;0;;181.642;10.908;0.24672;Rosa;132;
171;MT;70053;D;16;0;;181.642;10.908;0.24672;Amarelo;129;
166;MT;70053;D;16;0;;181.642;10.908;0.24672;Azul;131;
50;CN;70828;D;12;0;;0.68497;0.57856;0.04935;Branco;123;
77;CN;70057;E;3;0;;133.898;0.81039;0.11803;Rosa;124;
80;CN;70057;E;3;0;;133.898;0.81039;0.11803;Amarelo;122;
76;CN;70057;E;3;0;;133.898;0.81039;0.11803;Azul;121;
51;CN;71969;D;17;0;;139.784;305.693;0.12168;Branco;133;
51;CN;73517;D;18;0;;0.95998;247.488;0.13616;Branco;123;
58;CN;70070;E;24;0;;194.387;106.139;0.36596;Azul;121;
52;CN;70052;C;21;0;;150.263;0.97069;0.13153;Branco;123;
52;CN;70070;E;24;0;;194.387;106.139;0.36596;Amarelo;122;
56;CN;70070;E;24;0;;194.387;106.139;0.36596;Rosa;124;
65;CN;70106;E;13;0;;0.53142;319.792;0.0887;Azul;121;
52;CN;71293;D;7;0;;226.613;137.821;0.0622;Branco;133;
63;CN;70106;E;13;0;;0.53142;319.792;0.0887;Rosa;124;
66;CN;70106;E;13;0;;0.53142;319.792;0.0887;Amarelo;122;
125;LC;70123;D;26;0;;311.271;111.094;0.12622;Cinza;135;
70;CN;70133;B;7;0;;168.399;173.884;0.18724;Amarelo;122;
73;CN;70133;B;7;0;;168.399;173.884;0.18724;Azul;121;
69;CN;70133;B;7;0;;168.399;173.884;0.18724;Rosa;124;
53;CN;75714;B;21;0;;121.421;-0.08208;0.03125;Branco;133;
101;LC;70152;E;15;0;;156.971;0.88665;0.09686;Cinza;135;
106;LC;70179;C;20;0;;210.025;0.17269;0.21756;Rosa;128;
104;LC;70179;C;20;0;;210.025;0.17269;0.21756;Azul;127;
94;LC;73873;D;7;0;;485.576;0.5469;0.15842;Cinza;126;0
107;LC;70179;C;20;0;;210.025;0.17269;0.21756;Amarelo;125;
138;MT;70183;A;1;0;;211.832;0.73515;0.18808;Rosa;132;
137;MT;70183;A;1;0;;211.832;0.73515;0.18808;Amarelo;129;
139;MT;70183;A;1;0;;211.832;0.73515;0.18808;Azul;131;
138;MT;72676;E;21;0;;296.492;202.812;0.0738;Cinza;130;
177;MT;70186;C;25;0;;241.428;0.72059;0.14558;Cinza;136;
145;MT;70193;D;16;0;;199.589;170.681;0.15544;Cinza;136;
167;MT;70194;B;24;0;;118.936;275.205;0.25776;Cinza;136;
160;MT;70198;D;16;0;;192.502;129.983;0.1805;Rosa;132;
163;MT;70198;D;16;0;;192.502;129.983;0.1805;Amarelo;129;
164;MT;70198;D;16;0;;192.502;129.983;0.1805;Azul;131;
139;MT;71649;E;5;0;;241.492;0.28863;0.31102;Cinza;130;
140;MT;72045;E;17;0;;269.266;152.176;0.11563;Cinza;130;
158;MT;70201;B;8;0;;1.63;290.487;0.21354;Amarelo;129;
155;MT;70201;B;8;0;;1.63;290.487;0.21354;Azul;131;
163;MT;70201;B;8;0;;1.63;290.487;0.21354;Rosa;132;
168;MT;70210;B;15;1;Não permitiu a convergência do algoritmo de estimação da TRI;;;;Cinza;136;
141;MT;70407;B;12;0;;178.608;0.80144;0.18101;Cinza;130;
164;MT;70238;B;3;0;;274.865;147.857;0.21513;Amarelo;129;
161;MT;70238;B;3;0;;274.865;147.857;0.21513;Azul;131;
158;MT;70238;B;3;0;;274.865;147.857;0.21513;Rosa;132;
138;MT;70243;C;14;0;;231.628;0.68656;0.19073;Cinza;136;
111;LC;70252;C;18;0;;306.882;0.32086;0.20442;Cinza;135;
60;CN;70253;A;6;0;;252.119;133.878;0.11338;Azul;121;
59;CN;70253;A;6;0;;252.119;133.878;0.11338;Amarelo;122;
53;CN;75742;A;4;0;;141.684;-0.02949;0.09107;Branco;123;
61;CN;70253;A;6;0;;252.119;133.878;0.11338;Rosa;124;
1;CH;71129;A;26;0;;117.372;0.20972;0.03152;Branco;134;
54;CN;70278;C;17;0;;161.308;129.865;0.2812;Azul;121;
52;CN;70278;C;17;0;;161.308;129.865;0.2812;Rosa;124;
56;CN;70278;C;17;0;;161.308;129.865;0.2812;Amarelo;122;
54;CN;72204;B;2;0;;158.646;113.389;0.14651;Branco;123;
54;CN;76315;B;13;0;;219.653;21.097;0.15494;Branco;133;
88;CN;70302;C;30;0;;165.685;-180.092;0.09167;Amarelo;122;
89;CN;70302;C;30;0;;165.685;-180.092;0.09167;Rosa;124;
89;CN;70302;C;30;0;;165.685;-180.092;0.09167;Azul;121;
152;MT;70344;B;16;0;;138.737;178.343;0.14443;Cinza;136;
100;LC;70370;A;17;0;;189.235;-0.28099;0.14613;Amarelo;125;
101;LC;70370;A;17;0;;189.235;-0.28099;0.14613;Azul;127;
95;LC;75956;B;8;0;;17.956;0.70373;0.21008;Cinza;126;0
98;LC;70370;A;17;0;;189.235;-0.28099;0.14613;Rosa;128;
129;LC;70371;A;29;0;;301.701;-0.19313;0.18968;Cinza;135;
142;MT;71642;C;13;0;;180.059;14.011;0.1643;Cinza;130;
167;MT;70405;A;9;0;;16.024;12.153;0.14692;Rosa;132;
165;MT;70405;A;9;0;;16.024;12.153;0.14692;Azul;131;
170;MT;70405;A;9;0;;16.024;12.153;0.14692;Amarelo;129;
174;MT;70406;E;2;0;;22.181;268.569;0.13379;Amarelo;129;
143;MT;70501;E;11;0;;268.015;208.631;0.07696;Cinza;130;
178;MT;70406;E;2;0;;22.181;268.569;0.13379;Rosa;132;
174;MT;70406;E;2;0;;22.181;268.569;0.13379;Azul;131;
144;MT;70698;E;7;0;;140.069;232.577;0.10823;Cinza;130;
141;MT;70407;B;12;0;;178.608;0.80144;0.18101;Azul;131;
145;MT;70407;B;12;0;;178.608;0.80144;0.18101;Rosa;132;
146;MT;70407;B;12;0;;178.608;0.80144;0.18101;Amarelo;129;
152;MT;70423;E;15;0;;142.032;0.78256;0.16611;Azul;131;
145;MT;71238;B;27;0;;162.432;182.815;0.21852;Cinza;130;
149;MT;70423;E;15;0;;142.032;0.78256;0.16611;Rosa;132;
151;MT;70423;E;15;0;;142.032;0.78256;0.16611;Amarelo;129;
161;MT;70432;D;4;0;;220.311;21.416;0.179;Rosa;132;
157;MT;70432;D;4;0;;220.311;21.416;0.179;Amarelo;129;
157;MT;70432;D;4;0;;220.311;21.416;0.179;Azul;131;
146;MT;72783;C;11;0;;199.058;158.634;0.17168;Cinza;130;
66;CN;70433;C;21;0;;289.783;0.65233;0.1128;Azul;121;
66;CN;70433;C;21;0;;289.783;0.65233;0.1128;Rosa;124;
55;CN;70605;C;8;0;;116.139;0.22893;0.08029;Branco;133;
64;CN;70433;C;21;0;;289.783;0.65233;0.1128;Amarelo;122;
166;MT;70445;C;28;0;;283.067;145.097;0.18616;Amarelo;129;
147;MT;73124;E;7;0;;12.623;0.61947;0.13382;Cinza;130;
170;MT;70445;C;28;0;;283.067;145.097;0.18616;Rosa;132;
170;MT;70445;C;28;0;;283.067;145.097;0.18616;Azul;131;
1;CH;75504;E;21;0;;321.898;-0.50056;0.36109;Branco;119;
162;MT;70461;D;2;0;;123.541;0.4856;0.05802;Azul;131;
148;MT;72124;C;10;0;;221.598;131.369;0.1587;Cinza;130;
161;MT;70461;D;2;0;;123.541;0.4856;0.05802;Amarelo;129;
155;MT;70461;D;2;0;;123.541;0.4856;0.05802;Rosa;132;
2;CH;70264;E;22;0;;160.553;0.33263;0.09496;Branco;134;
159;MT;70496;A;29;0;;228.103;28.907;0.16055;Cinza;136;
147;MT;70501;E;11;0;;268.015;208.631;0.07696;Rosa;132;
143;MT;70501;E;11;0;;268.015;208.631;0.07696;Amarelo;129;
146;MT;70501;E;11;0;;268.015;208.631;0.07696;Azul;131;
149;MT;72786;B;22;0;;155.058;208.849;0.12411;Cinza;130;
2;CH;71745;E;13;0;;1.981;0.29799;0.14845;Branco;119;
3;CH;73507;C;29;0;;126.169;0.68429;0.08663;Branco;134;
1;CH;75504;E;21;0;;321.898;-0.50056;0.36109;Azul;117;
45;CH;70539;A;30;0;;301.946;0.00146;0.20988;Rosa;120;
3;CH;73764;D;23;0;;0.34715;0.36053;0.02354;Branco;119;
15;CH;70539;A;30;0;;301.946;0.00146;0.20988;Amarelo;118;
155;MT;70540;C;19;0;;296.462;3.137;0.14003;Amarelo;129;
156;MT;70540;C;19;0;;296.462;3.137;0.14003;Azul;131;
164;MT;70540;C;19;0;;296.462;3.137;0.14003;Rosa;132;
150;MT;75795;A;23;0;;191.763;220.242;0.17835;Cinza;130;
172;MT;70563;C;6;0;;160.162;0.26671;0.2498;Azul;131;
176;MT;70563;C;6;0;;160.162;0.26671;0.2498;Rosa;132;
151;MT;72821;D;8;0;;156.479;183.743;0.12533;Cinza;130;
175;MT;70563;C;6;0;;160.162;0.26671;0.2498;Amarelo;129;
55;CN;75610;E;11;0;;208.059;155.768;0.06116;Branco;123;
99;LC;70588;D;4;0;;33.385;-0.11571;0.20802;Rosa;128;
99;LC;70588;D;4;0;;33.385;-0.11571;0.20802;Amarelo;125;
95;LC;75960;C;8;0;;322.655;0.26588;0.24916;Cinza;126;1
103;LC;70588;D;4;0;;33.385;-0.11571;0.20802;Azul;127;
56;CN;70278;C;17;0;;161.308;129.865;0.2812;Branco;123;
81;CN;70614;D;24;0;;194.916;162.683;0.11518;Azul;121;
80;CN;70614;D;24;0;;194.916;162.683;0.11518;Rosa;124;
77;CN;70614;D;24;0;;194.916;162.683;0.11518;Amarelo;122;
56;CN;71206;A;5;0;;184.256;134.836;0.16804;Branco;133;
87;CN;70617;B;16;0;;1.54;0.69393;0.10243;Rosa;124;
57;CN;72572;A;8;0;;128.549;177.284;0.18055;Branco;133;
87;CN;70617;B;16;0;;1.54;0.69393;0.10243;Amarelo;122;
87;CN;70617;B;16;0;;1.54;0.69393;0.10243;Azul;121;
57;CN;75618;B;25;0;;206.293;223.506;0.29941;Branco;123;
83;CN;70637;D;14;0;;121.656;-110.221;0.01582;Amarelo;122;
83;CN;70637;D;14;0;;121.656;-110.221;0.01582;Rosa;124;
82;CN;70637;D;14;0;;121.656;-110.221;0.01582;Azul;121;
117;LC;70640;C;19;0;;106.496;0.64328;0.11311;Cinza;135;
58;CN;70070;E;24;0;;194.387;106.139;0.36596;Branco;123;
58;CN;72158;C;1;0;;243.323;101.693;0.19322;Branco;133;
144;MT;70698;E;7;0;;140.069;232.577;0.10823;Amarelo;129;
144;MT;70698;E;7;0;;140.069;232.577;0.10823;Azul;131;
148;MT;70698;E;7;0;;140.069;232.577;0.10823;Rosa;132;
152;MT;75890;E;18;0;;21.861;0.61239;0.13381;Cinza;130;
105;LC;70705;D;17;0;;110.711;0.48494;0.08252;Cinza;135;
149;MT;70709;E;1;0;;279.701;152.744;0.13112;Cinza;136;
110;LC;70720;C;13;0;;128.199;159.592;0.21513;Cinza;135;
81;CN;70728;D;12;0;;0.93948;272.363;0.16041;Rosa;124;
78;CN;70728;D;12;0;;0.93948;272.363;0.16041;Amarelo;122;
59;CN;70820;C;15;0;;228.412;140.218;0.12359;Branco;123;
80;CN;70728;D;12;0;;0.93948;272.363;0.16041;Azul;121;
59;CN;72283;C;1;0;;109.066;246.768;0.20776;Branco;133;
153;MT;72056;C;27;0;;229.585;0.9001;0.15579;Cinza;130;
176;MT;70734;C;20;0;;141.344;0.04783;0.13377;Amarelo;129;
177;MT;70734;C;20;0;;141.344;0.04783;0.13377;Rosa;132;
173;MT;70734;C;20;0;;141.344;0.04783;0.13377;Azul;131;
60;CN;71953;B;9;0;;279.887;191.559;0.11365;Branco;123;
177;MT;70745;C;19;0;;274.436;1.698;0.2011;Amarelo;129;
172;MT;70745;C;19;0;;274.436;1.698;0.2011;Rosa;132;
154;MT;70423;E;15;0;;142.032;0.78256;0.16611;Cinza;130;
178;MT;70745;C;19;0;;274.436;1.698;0.2011;Azul;131;
148;MT;70761;A;3;0;;232.706;103.615;0.17235;Cinza;136;
48;CN;70762;E;14;0;;358.475;0.63064;0.1944;Azul;121;
49;CN;70762;E;14;0;;358.475;0.63064;0.1944;Amarelo;122;
60;CN;75535;B;9;1;Não permitiu a convergência do algoritmo de estimação da TRI;;;;Branco;133;
47;CN;70762;E;14;0;;358.475;0.63064;0.1944;Rosa;124;
90;CN;70807;D;29;0;;138.451;0.82654;0.21537;Rosa;124;
61;CN;70642;E;6;0;;126.021;0.28507;0.12507;Branco;133;
90;CN;70807;D;29;0;;138.451;0.82654;0.21537;Amarelo;122;
88;CN;70807;D;29;0;;138.451;0.82654;0.21537;Azul;121;
19;CH;70810;E;24;0;;367.867;0.21719;0.3165;Amarelo;118;
2;CH;73764;D;23;0;;0.34715;0.36053;0.02354;Azul;117;
17;CH;70810;E;24;0;;367.867;0.21719;0.3165;Rosa;120;
4;CH;73883;D;20;0;;274.724;0.17677;0.13645;Branco;134;
154;MT;70813;B;6;0;;326.787;0.84794;0.13879;Cinza;136;
4;CH;75632;B;30;0;;254.487;0.97652;0.12278;Branco;119;
61;CN;70820;C;15;0;;228.412;140.218;0.12359;Azul;121;
62;CN;70820;C;15;0;;228.412;140.218;0.12359;Amarelo;122;
62;CN;70820;C;15;0;;228.412;140.218;0.12359;Rosa;124;
61;CN;73227;B;27;0;;106.261;175.071;0.13927;Branco;123;
62;CN;70253;A;6;0;;252.119;133.878;0.11338;Branco;123;
49;CN;70828;D;12;0;;0.68497;0.57856;0.04935;Rosa;124;
51;CN;70828;D;12;0;;0.68497;0.57856;0.04935;Azul;121;
51;CN;70828;D;12;0;;0.68497;0.57856;0.04935;Amarelo;122;
41;CH;70836;B;5;0;;113.678;-0.62198;0.14589;Rosa;120;
5;CH;72862;E;1;0;;0.98535;129.165;0.21403;Branco;134;
3;CH;71745;E;13;0;;1.981;0.29799;0.14845;Azul;117;
41;CH;70836;B;5;0;;113.678;-0.62198;0.14589;Amarelo;118;
62;CN;72528;A;18;0;;254.705;201.488;0.12485;Branco;133;
72;CN;70904;E;30;0;;221.866;0.02999;0.23994;Rosa;124;
73;CN;70904;E;30;0;;221.866;0.02999;0.23994;Amarelo;122;
69;CN;70904;E;30;0;;221.866;0.02999;0.23994;Azul;121;
63;CN;70433;C;21;0;;289.783;0.65233;0.1128;Branco;123;
79;CN;70933;B;8;0;;197.356;0.37435;0.16375;Rosa;124;
63;CN;72671;A;14;0;;0.89672;0.49681;0.06815;Branco;133;
75;CN;70933;B;8;0;;197.356;0.37435;0.16375;Amarelo;122;
79;CN;70933;B;8;0;;197.356;0.37435;0.16375;Azul;121;
119;LC;70943;B;19;0;;369.471;0.75472;0.17644;Rosa;128;
116;LC;70943;B;19;0;;369.471;0.75472;0.17644;Amarelo;125;
96;LC;76000;D;30;0;;199.641;0.50613;0.26926;Cinza;126;
121;LC;70943;B;19;0;;369.471;0.75472;0.17644;Azul;127;
64;CN;72346;B;19;0;;0.88285;297.203;0.17322;Branco;133;
34;CH;70963;D;3;0;;272.822;0.06651;0.23511;Amarelo;118;
5;CH;73785;E;6;0;;253.827;111.917;0.18589;Branco;119;
4;CH;75632;B;30;0;;254.487;0.97652;0.12278;Azul;117;
37;CH;70963;D;3;0;;272.822;0.06651;0.23511;Rosa;120;
6;CH;73690;C;18;0;;293.542;137.299;0.13042;Branco;119;
5;CH;73690;C;18;0;;293.542;137.299;0.13042;Azul;117;
6;CH;73722;B;19;0;;1.943;0.5045;0.14544;Branco;134;
39;CH;70979;D;11;0;;305.032;0.78062;0.23071;Rosa;120;
38;CH;70979;D;11;0;;305.032;0.78062;0.23071;Amarelo;118;
7;CH;71139;E;26;0;;179.484;0.39595;0.44445;Branco;119;
31;CH;71065;C;1;0;;0.91576;0.60622;0.06534;Rosa;120;
26;CH;71065;C;1;0;;0.91576;0.60622;0.06534;Amarelo;118;
6;CH;73785;E;6;0;;253.827;111.917;0.18589;Azul;117;
180;MT;71071;B;15;0;;227.001;109.949;0.1938;Cinza;136;
166;MT;71077;B;24;0;;168.055;189.888;0.19921;Cinza;136;
7;CH;75481;B;11;0;;114.429;-0.31581;0.03355;Branco;134;
167;MT;71127;C;29;0;;206.737;189.008;0.24604;Amarelo;129;
155;MT;70432;D;4;0;;220.311;21.416;0.179;Cinza;130;
168;MT;71127;C;29;0;;206.737;189.008;0.24604;Azul;131;
165;MT;71127;C;29;0;;206.737;189.008;0.24604;Rosa;132;
8;CH;72383;D;13;0;;146.343;0.63527;0.08852;Branco;134;
167;MT;71130;C;12;0;;208.886;257.501;0.18102;Azul;131;
166;MT;71130;C;12;0;;208.886;257.501;0.18102;Rosa;132;
156;MT;71832;B;25;0;;194.736;251.656;0.17967;Cinza;130;
168;MT;71130;C;12;0;;208.886;257.501;0.18102;Amarelo;129;
33;CH;71136;B;14;0;;24.248;104.526;0.11798;Amarelo;118;
28;CH;71136;B;14;0;;24.248;104.526;0.11798;Rosa;120;
7;CH;75451;A;17;0;;114.241;184.779;0.17173;Azul;117;
8;CH;75451;A;17;0;;114.241;184.779;0.17173;Branco;119;
9;CH;72658;D;30;0;;184.299;0.18821;0.16329;Branco;134;
13;CH;71139;E;26;0;;179.484;0.39595;0.44445;Amarelo;118;
8;CH;71139;E;26;0;;179.484;0.39595;0.44445;Azul;117;
13;CH;71139;E;26;0;;179.484;0.39595;0.44445;Rosa;120;
70;CN;71172;D;5;0;;0.64224;13.984;0.1161;Azul;121;
73;CN;71172;D;5;0;;0.64224;13.984;0.1161;Rosa;124;
74;CN;71172;D;5;0;;0.64224;13.984;0.1161;Amarelo;122;
64;CN;72808;A;28;0;;204.317;0.74057;0.12969;Branco;123;
84;CN;71182;A;1;0;;146.647;119.762;0.13775;Amarelo;122;
82;CN;71182;A;1;0;;146.647;119.762;0.13775;Rosa;124;
65;CN;70730;D;11;0;;112.977;18.135;0.26206;Branco;133;
84;CN;71182;A;1;0;;146.647;119.762;0.13775;Azul;121;
159;MT;71187;E;30;0;;163.381;236.775;0.09676;Amarelo;129;
159;MT;71187;E;30;0;;163.381;236.775;0.09676;Rosa;132;
163;MT;71187;E;30;0;;163.381;236.775;0.09676;Azul;131;
157;MT;70201;B;8;0;;1.63;290.487;0.21354;Cinza;130;
18;CH;71193;D;24;0;;135.946;0.66113;0.11357;Amarelo;118;
9;CH;73786;D;29;0;;201.408;0.9126;0.43892;Branco;119;
19;CH;71193;D;24;0;;135.946;0.66113;0.11357;Rosa;120;
9;CH;73555;D;27;0;;117.341;0.49445;0.17226;Azul;117;
65;CN;75744;E;22;0;;211.177;0.95099;0.18297;Branco;123;
179;MT;71221;A;12;0;;305.398;147.142;0.06279;Cinza;136;
140;MT;71238;B;27;0;;162.432;182.815;0.21852;Rosa;132;
142;MT;71238;B;27;0;;162.432;182.815;0.21852;Azul;131;
148;MT;71238;B;27;0;;162.432;182.815;0.21852;Amarelo;129;
158;MT;70540;C;19;0;;296.462;3.137;0.14003;Cinza;130;
49;CN;71251;A;17;0;;35.329;0.4356;0.25073;Azul;121;
66;CN;70106;E;13;0;;0.53142;319.792;0.0887;Branco;123;
51;CN;71251;A;17;0;;35.329;0.4356;0.25073;Rosa;124;
46;CN;71251;A;17;0;;35.329;0.4356;0.25073;Amarelo;122;
174;MT;71260;D;10;0;;127.346;18.163;0.09283;Cinza;136;
10;CH;75442;E;28;0;;119.204;0.10509;0.04078;Branco;134;
66;CN;73703;D;12;0;;0.80622;273.605;0.23661;Branco;133;
36;CH;71304;A;19;0;;288.594;0.59913;0.36915;Amarelo;118;
36;CH;71304;A;19;0;;288.594;0.59913;0.36915;Rosa;120;
10;CH;75438;B;28;0;;127.649;-210.568;0.0353;Azul;117;
10;CH;75717;A;26;0;;197.592;0.03668;0.24629;Branco;119;
20;CH;71336;E;22;0;;193.837;175.899;0.26629;Amarelo;118;
11;CH;72395;D;27;0;;20.529;0.72179;0.11112;Branco;134;
11;CH;73786;D;29;0;;201.408;0.9126;0.43892;Azul;117;
21;CH;71336;E;22;0;;193.837;175.899;0.26629;Rosa;120;
108;LC;71341;C;13;0;;0.8791;130.382;0.18765;Cinza;135;
141;MT;71393;E;27;0;;166.697;293.754;0.06724;Cinza;136;
107;LC;71394;E;12;0;;152.971;0.1632;0.05262;Cinza;135;
171;MT;71403;A;19;0;;507.481;221.367;0.15883;Cinza;136;
162;MT;71406;A;28;0;;159.786;238.741;0.09931;Cinza;136;
97;LC;73296;E;10;0;;15.098;0.51813;0.11306;Cinza;126;
135;LC;71418;A;30;0;;10.275;0.43957;0.00725;Rosa;128;
134;LC;71418;A;30;0;;10.275;0.43957;0.00725;Azul;127;
133;LC;71418;A;30;0;;10.275;0.43957;0.00725;Amarelo;125;
131;LC;71422;D;23;0;;137.532;0.2041;0.06259;Cinza;135;
98;LC;73671;D;2;0;;283.869;0.96487;0.19268;Cinza;126;
94;LC;71451;A;7;0;;208.444;0.12125;0.0931;Rosa;128;1
95;LC;71451;A;7;0;;208.444;0.12125;0.0931;Amarelo;125;1
95;LC;71451;A;7;0;;208.444;0.12125;0.0931;Azul;127;1
160;MT;71480;D;28;0;;170.989;0.47337;0.12381;Cinza;136;
25;CH;71502;B;4;0;;226.069;0.48852;0.20681;Amarelo;118;
11;CH;73538;A;28;0;;187.044;-0.35977;0.23781;Branco;119;
25;CH;71502;B;4;0;;226.069;0.48852;0.20681;Rosa;120;
12;CH;75717;A;26;0;;197.592;0.03668;0.24629;Azul;117;
137;MT;71504;A;26;0;;130.192;0.79319;0.12714;Cinza;136;
12;CH;70814;B;8;0;;144.901;0.49263;0.13012;Branco;134;
130;LC;71563;A;25;0;;32.395;0.14981;0.22707;Rosa;128;
130;LC;71563;A;25;0;;32.395;0.14981;0.22707;Amarelo;125;
130;LC;71563;A;25;0;;32.395;0.14981;0.22707;Azul;127;
99;LC;58193;C;16;0;;136.373;115.475;0.12693;Cinza;126;
12;CH;75438;B;28;0;;127.649;-210.568;0.0353;Branco;119;
13;CH;73538;A;28;0;;187.044;-0.35977;0.23781;Azul;117;
16;CH;71584;A;8;0;;186.075;0.39947;0.3565;Rosa;120;
45;CH;71584;A;8;0;;186.075;0.39947;0.3565;Amarelo;118;
67;CN;59277;E;22;0;;114.962;257.131;0.11924;Branco;123;
85;CN;71603;B;10;0;;229.778;-0.36102;0.15245;Rosa;124;
86;CN;71603;B;10;0;;229.778;-0.36102;0.15245;Amarelo;122;
85;CN;71603;B;10;0;;229.778;-0.36102;0.15245;Azul;121;
177;MT;71636;C;17;0;;303.092;235.596;0.17;Azul;131;
173;MT;71636;C;17;0;;303.092;235.596;0.17;Rosa;132;
178;MT;71636;C;17;0;;303.092;235.596;0.17;Amarelo;129;
159;MT;70461;D;2;0;;123.541;0.4856;0.05802;Cinza;130;
140;MT;71641;B;3;0;;21.048;183.073;0.18274;Cinza;136;
146;MT;71642;C;13;0;;180.059;14.011;0.1643;Rosa;132;
140;MT;71642;C;13;0;;180.059;14.011;0.1643;Azul;131;
142;MT;71642;C;13;0;;180.059;14.011;0.1643;Amarelo;129;
160;MT;70034;A;23;0;;287.279;168.092;0.16149;Cinza;130;
136;MT;71649;E;5;0;;241.492;0.28863;0.31102;Azul;131;
137;MT;71649;E;5;0;;241.492;0.28863;0.31102;Rosa;132;
138;MT;71649;E;5;0;;241.492;0.28863;0.31102;Amarelo;129;
161;MT;72028;C;3;0;;227.622;237.639;0.23999;Cinza;130;
91;LC;71697;E;5;0;;24.867;0.70119;0.11027;Azul;127;0
92;LC;71697;E;5;0;;24.867;0.70119;0.11027;Rosa;128;0
100;LC;75944;E;3;0;;314.181;0.32133;0.19412;Cinza;126;
92;LC;71697;E;5;0;;24.867;0.70119;0.11027;Amarelo;125;0
67;CN;70951;C;16;0;;376.009;114.083;0.21255;Branco;133;
88;CN;71700;A;10;0;;232.558;0.13736;0.22295;Rosa;124;
89;CN;71700;A;10;0;;232.558;0.13736;0.22295;Amarelo;122;
90;CN;71700;A;10;0;;232.558;0.13736;0.22295;Azul;121;
135;LC;71724;E;29;0;;245.232;0.65913;0.28468;Amarelo;125;
101;LC;59583;D;17;0;;182.576;0.74516;0.1882;Cinza;126;
133;LC;71724;E;29;0;;245.232;0.65913;0.28468;Rosa;128;
135;LC;71724;E;29;0;;245.232;0.65913;0.28468;Azul;127;
14;CH;71193;D;24;0;;135.946;0.66113;0.11357;Azul;117;
1;CH;71745;E;13;0;;1.981;0.29799;0.14845;Amarelo;118;
2;CH;71745;E;13;0;;1.981;0.29799;0.14845;Rosa;120;
13;CH;72784;E;2;0;;140.176;0.72174;0.11263;Branco;134;
121;LC;71746;A;19;0;;286.009;0.2211;0.25342;Rosa;128;
117;LC;71746;A;19;0;;286.009;0.2211;0.25342;Amarelo;125;
102;LC;70588;D;4;0;;33.385;-0.11571;0.20802;Cinza;126;
120;LC;71746;A;19;0;;286.009;0.2211;0.25342;Azul;127;
124;LC;71762;E;2;0;;0.94087;0.88261;0.1707;Cinza;135;
68;CN;70579;E;14;0;;22.762;0.2516;0.18355;Branco;133;
68;CN;73439;D;2;0;;189.938;0.51757;0.17296;Branco;123;
158;MT;71832;B;25;0;;194.736;251.656;0.17967;Azul;131;
156;MT;71832;B;25;0;;194.736;251.656;0.17967;Amarelo;129;
162;MT;71832;B;25;0;;194.736;251.656;0.17967;Rosa;132;
162;MT;70238;B;3;0;;274.865;147.857;0.21513;Cinza;130;
172;MT;71837;C;27;0;;104.193;166.502;0.09553;Cinza;136;
126;LC;71848;D;24;0;;270.035;203.674;0.16129;Rosa;128;
123;LC;71848;D;24;0;;270.035;203.674;0.16129;Amarelo;125;
103;LC;70370;A;17;0;;189.235;-0.28099;0.14613;Cinza;126;
122;LC;71848;D;24;0;;270.035;203.674;0.16129;Azul;127;
127;LC;71853;A;23;0;;25.709;0.52277;0.20592;Rosa;128;
104;LC;73242;A;9;0;;161.595;0.34813;0.20191;Cinza;126;
122;LC;71853;A;23;0;;25.709;0.52277;0.20592;Amarelo;125;
123;LC;71853;A;23;0;;25.709;0.52277;0.20592;Azul;127;
179;MT;71864;D;15;0;;200.926;120.709;0.19016;Azul;131;
174;MT;71864;D;15;0;;200.926;120.709;0.19016;Rosa;132;
180;MT;71864;D;15;0;;200.926;120.709;0.19016;Amarelo;129;
163;MT;71187;E;30;0;;163.381;236.775;0.09676;Cinza;130;
13;CH;73555;D;27;0;;117.341;0.49445;0.17226;Branco;119;
37;CH;71877;D;7;0;;286.476;0.81111;0.18059;Amarelo;118;
15;CH;75706;C;7;0;;125.147;-0.22962;0.22347;Azul;117;
34;CH;71877;D;7;0;;286.476;0.81111;0.18059;Rosa;120;
129;LC;71925;B;27;0;;249.678;189.997;0.1751;Rosa;128;
132;LC;71925;B;27;0;;249.678;189.997;0.1751;Amarelo;125;
105;LC;59158;A;18;0;;210.932;0.31152;0.13545;Cinza;126;
129;LC;71925;B;27;0;;249.678;189.997;0.1751;Azul;127;
136;MT;71934;D;3;0;;197.535;0.60574;0.10768;Cinza;136;
62;CN;71953;B;9;0;;279.887;191.559;0.11365;Azul;121;
59;CN;71953;B;9;0;;279.887;191.559;0.11365;Rosa;124;
69;CN;73305;A;19;0;;0.83048;-0.28157;0.00551;Branco;123;
61;CN;71953;B;9;0;;279.887;191.559;0.11365;Amarelo;122;
69;CN;73629;E;22;0;;249.676;138.658;0.12433;Branco;133;
50;CN;71976;C;23;0;;294.675;184.632;0.05897;Azul;121;
70;CN;70133;B;7;0;;168.399;173.884;0.18724;Branco;123;
48;CN;71976;C;23;0;;294.675;184.632;0.05897;Rosa;124;
50;CN;71976;C;23;0;;294.675;184.632;0.05897;Amarelo;122;
123;LC;71988;C;22;0;;384.388;-0.05869;0.2087;Cinza;135;
134;LC;72011;E;10;0;;177.005;-0.01261;0.13218;Rosa;128;
134;LC;72011;E;10;0;;177.005;-0.01261;0.13218;Amarelo;125;
106;LC;70179;C;20;0;;210.025;0.17269;0.21756;Cinza;126;
133;LC;72011;E;10;0;;177.005;-0.01261;0.13218;Azul;127;
164;MT;70198;D;16;0;;192.502;129.983;0.1805;Cinza;130;
160;MT;72028;C;3;0;;227.622;237.639;0.23999;Azul;131;
157;MT;72028;C;3;0;;227.622;237.639;0.23999;Rosa;132;
162;MT;72028;C;3;0;;227.622;237.639;0.23999;Amarelo;129;
115;LC;72040;E;19;0;;308.747;0.06931;0.13973;Cinza;135;
176;MT;72041;C;9;0;;163.181;195.549;0.17188;Cinza;136;
144;MT;72045;E;17;0;;269.266;152.176;0.11563;Rosa;132;
145;MT;72045;E;17;0;;269.266;152.176;0.11563;Azul;131;
145;MT;72045;E;17;0;;269.266;152.176;0.11563;Amarelo;129;
165;MT;72788;B;26;0;;164.337;186.905;0.20692;Cinza;130;
138;MT;72052;B;10;0;;223.008;0.55451;0.27798;Azul;131;
139;MT;72052;B;10;0;;223.008;0.55451;0.27798;Rosa;132;
136;MT;72052;B;10;0;;223.008;0.55451;0.27798;Amarelo;129;
166;MT;70405;A;9;0;;16.024;12.153;0.14692;Cinza;130;
154;MT;72056;C;27;0;;229.585;0.9001;0.15579;Azul;131;
151;MT;72056;C;27;0;;229.585;0.9001;0.15579;Rosa;132;
150;MT;72056;C;27;0;;229.585;0.9001;0.15579;Amarelo;129;
167;MT;70053;D;16;0;;181.642;10.908;0.24672;Cinza;130;
14;CH;71193;D;24;0;;135.946;0.66113;0.11357;Branco;119;
14;CH;73032;C;1;1;Não permitiu a convergência do algoritmo de estimação da TRI;;;;Branco;134;
35;CH;72102;D;10;0;;184.569;117.157;0.13745;Amarelo;118;
38;CH;72102;D;10;0;;184.569;117.157;0.13745;Rosa;120;
16;CH;70539;A;30;0;;301.946;0.00146;0.20988;Azul;117;
15;CH;72089;B;24;0;;239.403;187.033;0.20668;Branco;134;
175;MT;72108;C;11;0;;248.703;173.878;0.23381;Cinza;136;
148;MT;72124;C;10;0;;221.598;131.369;0.1587;Azul;131;
143;MT;72124;C;10;0;;221.598;131.369;0.1587;Rosa;132;
141;MT;72124;C;10;0;;221.598;131.369;0.1587;Amarelo;129;
168;MT;71127;C;29;0;;206.737;189.008;0.24604;Cinza;130;
147;MT;72128;E;5;0;;345.373;109.169;0.09278;Cinza;136;
170;MT;72138;E;25;0;;320.512;164.862;0.09406;Cinza;136;
156;MT;72156;A;17;0;;150.909;279.058;0.12065;Cinza;136;
70;CN;72236;D;30;0;;12.932;13.179;0.17814;Branco;133;
52;CN;72204;B;2;0;;158.646;113.389;0.14651;Azul;121;
71;CN;59323;E;27;0;;265.373;-0.25868;0.06743;Branco;133;
57;CN;72204;B;2;0;;158.646;113.389;0.14651;Rosa;124;
53;CN;72204;B;2;0;;158.646;113.389;0.14651;Amarelo;122;
15;CH;75706;C;7;0;;125.147;-0.22962;0.22347;Branco;119;
71;CN;73678;D;1;0;;;;;Branco;123;
16;CH;71110;C;7;0;;125.175;21.185;0.1419;Branco;134;
31;CH;72257;A;18;0;;162.427;-0.60015;0.3426;Amarelo;118;
32;CH;72257;A;18;0;;162.427;-0.60015;0.3426;Rosa;120;
17;CH;73630;C;17;0;;227.466;0.82351;0.16893;Azul;117;
16;CH;71584;A;8;0;;186.075;0.39947;0.3565;Branco;119;
17;CH;70524;C;6;0;;201.158;172.406;0.16014;Branco;134;
17;CH;73630;C;17;0;;227.466;0.82351;0.16893;Branco;119;
72;CN;59346;B;6;0;;0.86647;137.055;0.07651;Branco;133;
135;LC;72291;B;4;0;;175.371;-0.159;0.08547;Cinza;135;
150;MT;72303;C;12;0;;212.284;159.655;0.15959;Cinza;136;
72;CN;70904;E;30;0;;221.866;0.02999;0.23994;Branco;123;
18;CH;72064;C;14;0;;138.657;0.3263;0.08843;Branco;134;
29;CH;72393;D;27;0;;141.227;-0.79401;0.11962;Amarelo;118;
18;CH;73285;C;13;0;;125.284;-0.64144;0.0286;Branco;119;
30;CH;72393;D;27;0;;141.227;-0.79401;0.11962;Rosa;120;
18;CH;70810;E;24;0;;367.867;0.21719;0.3165;Azul;117;
19;CH;70514;A;15;0;;236.969;-0.02116;0.09568;Branco;134;
118;LC;72405;D;20;0;;365.167;0.15597;0.1502;Cinza;135;
151;MT;72421;A;30;1;Não permitiu a convergência do algoritmo de estimação da TRI;;;;Cinza;136;
113;LC;72426;A;19;0;;14.037;0.16576;0.06382;Cinza;135;
73;CN;71172;D;5;0;;0.64224;13.984;0.1161;Branco;123;
73;CN;75661;B;25;1;Não permitiu a convergência do algoritmo de estimação da TRI;;;;Branco;133;
128;LC;72514;C;28;0;;412.082;-0.20207;0.15507;Cinza;135;
74;CN;57922;A;16;0;;14.166;0.54418;0.11396;Branco;133;
74;CN;72770;A;24;0;;153.065;143.777;0.18479;Branco;123;
122;LC;72581;C;22;0;;216.628;0.92225;0.12475;Rosa;128;
125;LC;72581;C;22;0;;216.628;0.92225;0.12475;Amarelo;125;
107;LC;73823;B;11;0;;114.439;142.415;0.16054;Cinza;126;
126;LC;72581;C;22;0;;216.628;0.92225;0.12475;Azul;127;
19;CH;70810;E;24;0;;367.867;0.21719;0.3165;Branco;119;
144;MT;72599;E;7;1;Não permitiu a convergência do algoritmo de estimação da TRI;;;;Cinza;136;
116;LC;72629;A;16;0;;147.892;0.83353;0.19512;Cinza;135;
175;MT;72644;C;25;0;;165.137;0.45335;0.2265;Azul;131;
179;MT;72644;C;25;0;;165.137;0.45335;0.2265;Rosa;132;
172;MT;72644;C;25;0;;165.137;0.45335;0.2265;Amarelo;129;
169;MT;71130;C;12;0;;208.886;257.501;0.18102;Cinza;130;
155;MT;72656;B;18;1;Não permitiu a convergência do algoritmo de estimação da TRI;;;;Cinza;136;
20;CH;70475;C;13;0;;0.94594;261.392;0.19809;Branco;134;
20;CH;75588;C;4;0;;26.007;0.28606;0.28532;Branco;119;
75;CN;70728;D;12;0;;0.93948;272.363;0.16041;Branco;123;
137;MT;72676;E;21;0;;296.492;202.812;0.0738;Azul;131;
136;MT;72676;E;21;0;;296.492;202.812;0.0738;Rosa;132;
139;MT;72676;E;21;0;;296.492;202.812;0.0738;Amarelo;129;
170;MT;72687;D;28;0;;245.814;211.927;0.18911;Cinza;130;
21;CH;70972;E;18;0;;244.399;268.704;0.15164;Branco;134;
171;MT;72687;D;28;0;;245.814;211.927;0.18911;Azul;131;
169;MT;72687;D;28;0;;245.814;211.927;0.18911;Rosa;132;
165;MT;72687;D;28;0;;245.814;211.927;0.18911;Amarelo;129;
171;MT;70445;C;28;0;;283.067;145.097;0.18616;Cinza;130;
132;LC;72714;B;27;0;;515.909;0.93146;0.23355;Cinza;135;
72;CN;72770;A;24;0;;153.065;143.777;0.18479;Azul;121;
75;CN;75646;C;26;1;Não permitiu a convergência do algoritmo de estimação da TRI;;;;Branco;133;
71;CN;72770;A;24;0;;153.065;143.777;0.18479;Rosa;124;
69;CN;72770;A;24;0;;153.065;143.777;0.18479;Amarelo;122;
143;MT;72783;C;11;0;;199.058;158.634;0.17168;Azul;131;
141;MT;72783;C;11;0;;199.058;158.634;0.17168;Rosa;132;
147;MT;72783;C;11;0;;199.058;158.634;0.17168;Amarelo;129;
172;MT;73038;D;21;0;;253.869;166.527;0.23544;Cinza;130;
21;CH;75448;D;2;0;;167.198;127.597;0.09005;Branco;119;
150;MT;72786;B;22;0;;155.058;208.849;0.12411;Azul;131;
154;MT;72786;B;22;0;;155.058;208.849;0.12411;Rosa;132;
152;MT;72786;B;22;0;;155.058;208.849;0.12411;Amarelo;129;
173;MT;71864;D;15;0;;200.926;120.709;0.19016;Cinza;130;
99;LC;72787;A;10;0;;176.687;-0.19579;0.17175;Cinza;135;
169;MT;72788;B;26;0;;164.337;186.905;0.20692;Azul;131;
171;MT;72788;B;26;0;;164.337;186.905;0.20692;Rosa;132;
169;MT;72788;B;26;0;;164.337;186.905;0.20692;Amarelo;129;
174;MT;70745;C;19;0;;274.436;1.698;0.2011;Cinza;130;
64;CN;72808;A;28;0;;204.317;0.74057;0.12969;Azul;121;
76;CN;58433;E;12;0;;116.192;0.57173;0.06736;Branco;133;
67;CN;72808;A;28;0;;204.317;0.74057;0.12969;Rosa;124;
65;CN;72808;A;28;0;;204.317;0.74057;0.12969;Amarelo;122;
169;MT;72820;B;20;0;;205.357;128.971;0.21704;Cinza;136;
151;MT;72821;D;8;0;;156.479;183.743;0.12533;Azul;131;
152;MT;72821;D;8;0;;156.479;183.743;0.12533;Rosa;132;
154;MT;72821;D;8;0;;156.479;183.743;0.12533;Amarelo;129;
175;MT;71636;C;17;0;;303.092;235.596;0.17;Cinza;130;
164;MT;72830;C;8;0;;230.266;187.808;0.17555;Cinza;136;
22;CH;71336;E;22;0;;193.837;175.899;0.26629;Branco;119;
23;CH;72884;C;17;0;;141.932;211.234;0.17222;Amarelo;118;
22;CH;73118;C;10;0;;229.876;158.987;0.19376;Branco;134;
22;CH;72884;C;17;0;;141.932;211.234;0.17222;Rosa;120;
19;CH;73285;C;13;0;;125.284;-0.64144;0.0286;Azul;117;
176;MT;72909;A;24;0;;287.235;196.767;0.15109;Azul;131;
180;MT;72909;A;24;0;;287.235;196.767;0.15109;Rosa;132;
173;MT;72909;A;24;0;;287.235;196.767;0.15109;Amarelo;129;
176;MT;70406;E;2;0;;22.181;268.569;0.13379;Cinza;130;
178;MT;72980;C;9;0;;137.921;22.512;0.16407;Cinza;136;
75;CN;72998;B;18;0;;306.608;137.136;0.17705;Azul;121;
76;CN;70614;D;24;0;;194.916;162.683;0.11518;Branco;123;
76;CN;72998;B;18;0;;306.608;137.136;0.17705;Rosa;124;
79;CN;72998;B;18;0;;306.608;137.136;0.17705;Amarelo;122;
112;LC;72999;E;14;0;;148.375;0.85389;0.15417;Cinza;135;
23;CH;71502;B;4;0;;226.069;0.48852;0.20681;Branco;119;
23;CH;72260;B;11;0;;121.648;0.85987;0.12039;Branco;134;
180;MT;73038;D;21;0;;253.869;166.527;0.23544;Azul;131;
175;MT;73038;D;21;0;;253.869;166.527;0.23544;Rosa;132;
179;MT;73038;D;21;0;;253.869;166.527;0.23544;Amarelo;129;
177;MT;72644;C;25;0;;165.137;0.45335;0.2265;Cinza;130;
77;CN;73438;B;7;0;;0.5207;586.198;0.13508;Branco;123;
86;CN;73055;C;20;0;;21.092;0.37061;0.23873;Rosa;124;
85;CN;73055;C;20;0;;21.092;0.37061;0.23873;Amarelo;122;
86;CN;73055;C;20;0;;21.092;0.37061;0.23873;Azul;121;
153;MT;73061;A;15;1;Não permitiu a convergência do algoritmo de estimação da TRI;;;;Cinza;136;
157;MT;73071;E;4;0;;40.236;101.605;0.09787;Cinza;136;
139;MT;73087;D;26;0;;211.686;0.62867;0.18648;Cinza;136;
130;LC;73105;A;23;0;;223.701;-0.03462;0.12771;Cinza;135;
24;CH;72664;E;21;1;Não permitiu a convergência do algoritmo de estimação da TRI;;;;Branco;134;
147;MT;73124;E;7;0;;12.623;0.61947;0.13382;Azul;131;
142;MT;73124;E;7;0;;12.623;0.61947;0.13382;Rosa;132;
140;MT;73124;E;7;0;;12.623;0.61947;0.13382;Amarelo;129;
178;MT;72909;A;24;0;;287.235;196.767;0.15109;Cinza;130;
77;CN;73606;A;3;0;;191.103;-0.04616;0.23378;Branco;133;
24;CH;73201;B;12;0;;198.606;-0.03342;0.18076;Amarelo;118;
24;CH;73755;A;20;0;;274.211;0.54682;0.1144;Branco;119;
24;CH;73201;B;12;0;;198.606;-0.03342;0.18076;Rosa;120;
20;CH;73201;B;12;0;;198.606;-0.03342;0.18076;Azul;117;
146;MT;73225;C;8;0;;101.305;144.816;0.22624;Cinza;136;
59;CN;73227;B;27;0;;106.261;175.071;0.13927;Azul;121;
78;CN;70933;B;8;0;;197.356;0.37435;0.16375;Branco;123;
60;CN;73227;B;27;0;;106.261;175.071;0.13927;Rosa;124;
60;CN;73227;B;27;0;;106.261;175.071;0.13927;Amarelo;122;
25;CH;72272;D;25;0;;199.675;-0.59551;0.1232;Branco;134;
107;LC;73242;A;9;0;;161.595;0.34813;0.20191;Rosa;128;
108;LC;73242;A;9;0;;161.595;0.34813;0.20191;Amarelo;125;
108;LC;59146;E;23;0;;160.467;-0.46437;0.13861;Cinza;126;
105;LC;73242;A;9;0;;161.595;0.34813;0.20191;Azul;127;
21;CH;75588;C;4;0;;26.007;0.28606;0.28532;Azul;117;
17;CH;73285;C;13;0;;125.284;-0.64144;0.0286;Amarelo;118;
14;CH;73285;C;13;0;;125.284;-0.64144;0.0286;Rosa;120;
25;CH;72884;C;17;0;;141.932;211.234;0.17222;Branco;119;
98;LC;73286;B;9;0;;225.883;-0.44055;0.12428;Cinza;135;
97;LC;73296;E;10;0;;15.098;0.51813;0.11306;Rosa;128;
96;LC;73296;E;10;0;;15.098;0.51813;0.11306;Amarelo;125;
109;LC;73783;B;12;0;;0.75784;0.13252;0.02344;Cinza;126;
96;LC;73296;E;10;0;;15.098;0.51813;0.11306;Azul;127;
71;CN;73305;A;19;0;;0.83048;-0.28157;0.00551;Azul;121;
78;CN;75614;C;25;0;;0.45986;279.133;0.09823;Branco;133;
74;CN;73305;A;19;0;;0.83048;-0.28157;0.00551;Rosa;124;
72;CN;73305;A;19;0;;0.83048;-0.28157;0.00551;Amarelo;122;
79;CN;70057;E;3;0;;133.898;0.81039;0.11803;Branco;123;
163;MT;73332;B;10;1;Não permitiu a convergência do algoritmo de estimação da TRI;;;;Cinza;136;
47;CN;73367;C;8;0;;26.033;0.07698;0.22333;Azul;121;
79;CN;73197;B;10;0;;307.184;0.81983;0.14738;Branco;133;
46;CN;73367;C;8;0;;26.033;0.07698;0.22333;Rosa;124;
48;CN;73367;C;8;0;;26.033;0.07698;0.22333;Amarelo;122;
133;LC;73377;A;1;0;;0.86646;164.888;0.10896;Cinza;135;
97;LC;73383;A;9;0;;284.111;-0.35834;0.22735;Cinza;135;
123;LC;73386;B;22;0;;212.472;0.1451;0.22866;Rosa;128;
127;LC;73386;B;22;0;;212.472;0.1451;0.22866;Amarelo;125;
110;LC;59041;B;16;0;;101.513;109.347;0.05916;Cinza;126;
125;LC;73386;B;22;0;;212.472;0.1451;0.22866;Azul;127;
100;LC;73403;A;11;0;;25.502;-0.39041;0.15311;Cinza;135;
26;CH;73794;C;5;0;;144.474;0.81555;0.19843;Branco;134;
80;CN;59227;B;29;0;;238.181;0.53674;0.21637;Branco;133;
78;CN;73438;B;7;0;;0.5207;586.198;0.13508;Rosa;124;
76;CN;73438;B;7;0;;0.5207;586.198;0.13508;Amarelo;122;
78;CN;73438;B;7;0;;0.5207;586.198;0.13508;Azul;121;
68;CN;73439;D;2;0;;189.938;0.51757;0.17296;Azul;121;
80;CN;72998;B;18;0;;306.608;137.136;0.17705;Branco;123;
65;CN;73439;D;2;0;;189.938;0.51757;0.17296;Rosa;124;
67;CN;73439;D;2;0;;189.938;0.51757;0.17296;Amarelo;122;
81;CN;73450;D;2;0;;208.347;150.915;0.17983;Branco;133;
91;LC;73461;E;6;0;;317.602;0.60483;0.18082;Cinza;135;0
96;LC;73490;B;30;0;;459.718;0.92508;0.15372;Cinza;135;
16;CH;73501;B;6;0;;120.097;0.0843;0.29128;Amarelo;118;
26;CH;75483;C;16;0;;224.116;0.33411;0.11526;Branco;119;
22;CH;71502;B;4;0;;226.069;0.48852;0.20681;Azul;117;
15;CH;73501;B;6;0;;120.097;0.0843;0.29128;Rosa;120;
27;CH;73010;E;3;0;;205.985;-0.11445;0.12275;Branco;134;
46;CN;73517;D;18;0;;0.95998;247.488;0.13616;Azul;121;
81;CN;73731;D;20;0;;0.77959;18.193;0.12995;Branco;123;
50;CN;73517;D;18;0;;0.95998;247.488;0.13616;Rosa;124;
47;CN;73517;D;18;0;;0.95998;247.488;0.13616;Amarelo;122;
112;LC;73531;A;12;0;;211.638;157.019;0.10211;Rosa;128;
114;LC;73531;A;12;0;;211.638;157.019;0.10211;Amarelo;125;
111;LC;73531;A;12;0;;211.638;157.019;0.10211;Cinza;126;
114;LC;73531;A;12;0;;211.638;157.019;0.10211;Azul;127;
23;CH;72884;C;17;0;;141.932;211.234;0.17222;Azul;117;
9;CH;73538;A;28;0;;187.044;-0.35977;0.23781;Amarelo;118;
27;CH;73201;B;12;0;;198.606;-0.03342;0.18076;Branco;119;
7;CH;73538;A;28;0;;187.044;-0.35977;0.23781;Rosa;120;
24;CH;71336;E;22;0;;193.837;175.899;0.26629;Azul;117;
28;CH;72393;D;27;0;;141.227;-0.79401;0.11962;Branco;119;
8;CH;73555;D;27;0;;117.341;0.49445;0.17226;Amarelo;118;
12;CH;73555;D;27;0;;117.341;0.49445;0.17226;Rosa;120;
82;CN;70044;D;1;0;;0.85761;275.834;0.17474;Branco;133;
119;LC;73607;C;15;0;;23.431;0.5509;0.14706;Amarelo;125;
117;LC;73607;C;15;0;;23.431;0.5509;0.14706;Rosa;128;
112;LC;59053;D;23;0;;137.445;-0.03088;0.07084;Cinza;126;
117;LC;73607;C;15;0;;23.431;0.5509;0.14706;Azul;127;
131;LC;73614;C;28;0;;313.334;0.53074;0.18105;Rosa;128;
128;LC;73614;C;28;0;;313.334;0.53074;0.18105;Amarelo;125;
113;LC;73760;D;13;0;;217.069;115.121;0.20808;Cinza;126;
132;LC;73614;C;28;0;;313.334;0.53074;0.18105;Azul;127;
32;CH;73626;E;25;0;;320.972;-0.03464;0.16333;Amarelo;118;
28;CH;73230;C;15;0;;526.996;10.303;0.17964;Branco;134;
26;CH;73626;E;25;0;;320.972;-0.03464;0.16333;Rosa;120;
25;CH;75448;D;2;0;;167.198;127.597;0.09005;Azul;117;
82;CN;71603;B;10;0;;229.778;-0.36102;0.15245;Branco;123;
26;CH;75483;C;16;0;;224.116;0.33411;0.11526;Azul;117;
14;CH;73630;C;17;0;;227.466;0.82351;0.16893;Amarelo;118;
18;CH;73630;C;17;0;;227.466;0.82351;0.16893;Rosa;120;
29;CH;70452;A;21;0;;206.152;0.49627;0.15444;Branco;134;
125;LC;73670;E;24;0;;16.751;103.793;0.26168;Rosa;128;
126;LC;73670;E;24;0;;16.751;103.793;0.26168;Amarelo;125;
114;LC;70012;A;1;0;;126.532;0.27696;0.17019;Cinza;126;
124;LC;73670;E;24;0;;16.751;103.793;0.26168;Azul;127;
101;LC;73671;D;2;0;;283.869;0.96487;0.19268;Rosa;128;
102;LC;73671;D;2;0;;283.869;0.96487;0.19268;Amarelo;125;
115;LC;73803;C;14;0;;225.284;0.49594;0.28524;Cinza;126;
100;LC;73671;D;2;0;;283.869;0.96487;0.19268;Azul;127;
35;CH;73674;B;20;0;;198.481;0.51652;0.16624;Rosa;120;
27;CH;73755;A;20;0;;274.211;0.54682;0.1144;Azul;117;
29;CH;73626;E;25;0;;320.972;-0.03464;0.16333;Branco;119;
39;CH;73674;B;20;0;;198.481;0.51652;0.16624;Amarelo;118;
74;CN;73678;D;1;0;;;;;Azul;121;
83;CN;70890;C;30;0;;230.176;0.30422;0.21404;Branco;133;
70;CN;73678;D;1;0;;;;;Rosa;124;
71;CN;73678;D;1;0;;;;;Amarelo;122;
93;LC;73685;A;7;1;Não permitiu a convergência do algoritmo de estimação da TRI;;;;Cinza;135;1
30;CH;71065;C;1;0;;0.91576;0.60622;0.06534;Branco;119;
28;CH;72393;D;27;0;;141.227;-0.79401;0.11962;Azul;117;
5;CH;73690;C;18;0;;293.542;137.299;0.13042;Amarelo;118;
4;CH;73690;C;18;0;;293.542;137.299;0.13042;Rosa;120;
30;CH;73427;C;17;0;;17.907;202.437;0.18332;Branco;134;
92;LC;73694;B;7;0;;144.762;0.39287;0.15652;Rosa;128;1
91;LC;73694;B;7;0;;144.762;0.39287;0.15652;Amarelo;125;1
116;LC;73607;C;15;0;;23.431;0.5509;0.14706;Cinza;126;
92;LC;73694;B;7;0;;144.762;0.39287;0.15652;Azul;127;1
83;CN;73055;C;20;0;;21.092;0.37061;0.23873;Branco;123;
94;LC;73706;C;7;0;;446.531;0.49439;0.16947;Cinza;135;1
31;CH;71136;B;14;0;;24.248;104.526;0.11798;Branco;119;
84;CN;70617;B;16;0;;1.54;0.69393;0.10243;Branco;123;
75;CN;73731;D;20;0;;0.77959;18.193;0.12995;Rosa;124;
81;CN;73731;D;20;0;;0.77959;18.193;0.12995;Amarelo;122;
77;CN;73731;D;20;0;;0.77959;18.193;0.12995;Azul;121;
31;CH;71276;A;4;0;;133.414;0.0068;0.14582;Branco;134;
84;CN;72446;B;4;0;;107.305;118.079;0.14713;Branco;133;
27;CH;73755;A;20;0;;274.211;0.54682;0.1144;Amarelo;118;
32;CH;73813;E;17;0;;153.554;0.55507;0.03934;Branco;134;
20;CH;73755;A;20;0;;274.211;0.54682;0.1144;Rosa;120;
29;CH;71065;C;1;0;;0.91576;0.60622;0.06534;Azul;117;
91;LC;73759;D;6;0;;330.464;0.34683;0.22541;Rosa;128;1
92;LC;73759;D;6;0;;330.464;0.34683;0.22541;Amarelo;125;1
117;LC;73821;E;16;0;;10.643;110.667;0.016;Cinza;126;
93;LC;73759;D;6;0;;330.464;0.34683;0.22541;Azul;127;1
113;LC;73760;D;13;0;;217.069;115.121;0.20808;Rosa;128;
111;LC;73760;D;13;0;;217.069;115.121;0.20808;Amarelo;125;
118;LC;75832;C;17;0;;268.782;175.732;0.16326;Cinza;126;
110;LC;73760;D;13;0;;217.069;115.121;0.20808;Azul;127;
32;CH;75500;A;1;0;;286.402;0.23482;0.07919;Branco;119;
30;CH;71136;B;14;0;;24.248;104.526;0.11798;Azul;117;
2;CH;73764;D;23;0;;0.34715;0.36053;0.02354;Amarelo;118;
1;CH;73764;D;23;0;;0.34715;0.36053;0.02354;Rosa;120;
124;LC;73766;D;21;0;;242.887;0.13314;0.19659;Rosa;128;
124;LC;73766;D;21;0;;242.887;0.13314;0.19659;Amarelo;125;
119;LC;70943;B;19;0;;369.471;0.75472;0.17644;Cinza;126;
127;LC;73766;D;21;0;;242.887;0.13314;0.19659;Azul;127;
109;LC;73783;B;12;0;;0.75784;0.13252;0.02344;Rosa;128;
104;LC;73783;B;12;0;;0.75784;0.13252;0.02344;Amarelo;125;
120;LC;71746;A;19;0;;286.009;0.2211;0.25342;Cinza;126;
107;LC;73783;B;12;0;;0.75784;0.13252;0.02344;Azul;127;
31;CH;75500;A;1;0;;286.402;0.23482;0.07919;Azul;117;
4;CH;73785;E;6;0;;253.827;111.917;0.18589;Amarelo;118;
33;CH;72257;A;18;0;;162.427;-0.60015;0.3426;Branco;119;
5;CH;73785;E;6;0;;253.827;111.917;0.18589;Rosa;120;
32;CH;73626;E;25;0;;320.972;-0.03464;0.16333;Azul;117;
7;CH;73786;D;29;0;;201.408;0.9126;0.43892;Amarelo;118;
11;CH;73786;D;29;0;;201.408;0.9126;0.43892;Rosa;120;
33;CH;73742;B;6;0;;130.788;239.559;0.15091;Branco;134;
34;CH;72102;D;10;0;;184.569;117.157;0.13745;Branco;119;
134;LC;73797;B;1;0;;497.873;0.66021;0.20161;Cinza;135;
110;LC;73803;C;14;0;;225.284;0.49594;0.28524;Rosa;128;
110;LC;73803;C;14;0;;225.284;0.49594;0.28524;Amarelo;125;
121;LC;75838;E;20;0;;147.183;0.49423;0.0227;Cinza;126;
112;LC;73803;C;14;0;;225.284;0.49594;0.28524;Azul;127;
103;LC;73809;D;16;1;Não permitiu a convergência do algoritmo de estimação da TRI;;;;Cinza;135;
34;CH;75430;C;30;0;;155.845;241.854;0.18747;Branco;134;
118;LC;73821;E;16;0;;10.643;110.667;0.016;Rosa;128;
121;LC;73821;E;16;0;;10.643;110.667;0.016;Amarelo;125;
122;LC;73766;D;21;0;;242.887;0.13314;0.19659;Cinza;126;
116;LC;73821;E;16;0;;10.643;110.667;0.016;Azul;127;
104;LC;73823;B;11;0;;114.439;142.415;0.16054;Rosa;128;
105;LC;73823;B;11;0;;114.439;142.415;0.16054;Amarelo;125;
123;LC;72581;C;22;0;;216.628;0.92225;0.12475;Cinza;126;
108;LC;73823;B;11;0;;114.439;142.415;0.16054;Azul;127;
93;LC;73830;E;6;0;;396.117;0.61748;0.1347;Rosa;128;0
91;LC;73830;E;6;0;;396.117;0.61748;0.1347;Amarelo;125;0
124;LC;73386;B;22;0;;212.472;0.1451;0.22866;Cinza;126;
92;LC;73830;E;6;0;;396.117;0.61748;0.1347;Azul;127;0
94;LC;73873;D;7;0;;485.576;0.5469;0.15842;Rosa;128;0
95;LC;73873;D;7;0;;485.576;0.5469;0.15842;Amarelo;125;0
125;LC;71853;A;23;0;;25.709;0.52277;0.20592;Cinza;126;
95;LC;73873;D;7;0;;485.576;0.5469;0.15842;Azul;127;0
35;CH;71304;A;19;0;;288.594;0.59913;0.36915;Branco;119;
35;CH;73692;D;18;0;;223.324;0.71328;0.18255;Branco;134;
158;MT;73897;B;4;0;;161.484;180.523;0.19684;Cinza;136;
36;CH;70979;D;11;0;;305.032;0.78062;0.23071;Branco;119;
33;CH;72257;A;18;0;;162.427;-0.60015;0.3426;Azul;117;
36;CH;73895;E;29;0;;13.046;129.343;0.12561;Branco;134;
10;CH;75438;B;28;0;;127.649;-210.568;0.0353;Amarelo;118;
8;CH;75438;B;28;0;;127.649;-210.568;0.0353;Rosa;120;
40;CH;75440;A;15;0;;294.979;0.29016;0.18183;Rosa;120;
34;CH;72102;D;10;0;;184.569;117.157;0.13745;Azul;117;
37;CH;70836;B;5;0;;113.678;-0.62198;0.14589;Branco;119;
43;CH;75440;A;15;0;;294.979;0.29016;0.18183;Amarelo;118;
37;CH;72684;B;23;0;;138.351;11.628;0.141;Branco;134;
22;CH;75448;D;2;0;;167.198;127.597;0.09005;Amarelo;118;
38;CH;70963;D;3;0;;272.822;0.06651;0.23511;Branco;119;
27;CH;75448;D;2;0;;167.198;127.597;0.09005;Rosa;120;
35;CH;71304;A;19;0;;288.594;0.59913;0.36915;Azul;117;
36;CH;70963;D;3;0;;272.822;0.06651;0.23511;Azul;117;
12;CH;75451;A;17;0;;114.241;184.779;0.17173;Amarelo;118;
9;CH;75451;A;17;0;;114.241;184.779;0.17173;Rosa;120;
38;CH;75692;B;10;0;;323.673;0.77389;0.18346;Branco;134;
39;CH;71877;D;7;0;;286.476;0.81111;0.18059;Branco;119;
28;CH;75483;C;16;0;;224.116;0.33411;0.11526;Amarelo;118;
39;CH;72213;D;22;0;;138.051;110.257;0.22227;Branco;134;
29;CH;75483;C;16;0;;224.116;0.33411;0.11526;Rosa;120;
37;CH;73674;B;20;0;;198.481;0.51652;0.16624;Azul;117;
30;CH;75500;A;1;0;;286.402;0.23482;0.07919;Amarelo;118;
33;CH;75500;A;1;0;;286.402;0.23482;0.07919;Rosa;120;
38;CH;70836;B;5;0;;113.678;-0.62198;0.14589;Azul;117;
40;CH;72589;A;16;0;;436.383;116.894;0.19635;Branco;134;
40;CH;75532;A;16;0;;162.577;0.5133;0.1704;Branco;119;
3;CH;75504;E;21;0;;321.898;-0.50056;0.36109;Amarelo;118;
39;CH;71877;D;7;0;;286.476;0.81111;0.18059;Azul;117;
3;CH;75504;E;21;0;;321.898;-0.50056;0.36109;Rosa;120;
43;CH;75532;A;16;0;;162.577;0.5133;0.1704;Rosa;120;
40;CH;75656;E;9;0;;332.363;0.80883;0.09203;Azul;117;
41;CH;73674;B;20;0;;198.481;0.51652;0.16624;Branco;119;
40;CH;75532;A;16;0;;162.577;0.5133;0.1704;Amarelo;118;
85;CN;71182;A;1;0;;146.647;119.762;0.13775;Branco;123;
41;CH;75603;E;9;0;;146.034;263.845;0.1829;Branco;134;
21;CH;75588;C;4;0;;26.007;0.28606;0.28532;Amarelo;118;
42;CH;75440;A;14;0;;294.979;0.29016;0.18183;Branco;119;
23;CH;75588;C;4;0;;26.007;0.28606;0.28532;Rosa;120;
41;CH;70979;D;11;0;;305.032;0.78062;0.23071;Azul;117;
42;CH;75546;E;7;0;;0.73098;188.783;0.0454;Branco;134;
53;CN;75610;E;11;0;;208.059;155.768;0.06116;Azul;121;
85;CN;72471;A;20;0;;329.576;112.034;0.21339;Branco;133;
58;CN;75610;E;11;0;;208.059;155.768;0.06116;Rosa;124;
58;CN;75610;E;11;0;;208.059;155.768;0.06116;Amarelo;122;
86;CN;70637;D;14;0;;121.656;-110.221;0.01582;Branco;123;
55;CN;75618;B;25;0;;206.293;223.506;0.29941;Azul;121;
86;CN;70741;E;5;0;;202.683;151.856;0.16514;Branco;133;
53;CN;75618;B;25;0;;206.293;223.506;0.29941;Rosa;124;
55;CN;75618;B;25;0;;206.293;223.506;0.29941;Amarelo;122;
42;CH;75440;A;15;0;;294.979;0.29016;0.18183;Azul;117;
6;CH;75632;B;30;0;;254.487;0.97652;0.12278;Amarelo;118;
6;CH;75632;B;30;0;;254.487;0.97652;0.12278;Rosa;120;
43;CH;71513;A;12;0;;180.144;0.33292;0.18926;Branco;134;
87;CN;58005;A;28;0;;293.646;-0.44097;0.11813;Branco;133;
42;CH;75656;E;9;0;;332.363;0.80883;0.09203;Rosa;120;
43;CH;75656;E;9;0;;332.363;0.80883;0.09203;Branco;119;
43;CH;75532;A;16;0;;162.577;0.5133;0.1704;Azul;117;
42;CH;75656;E;9;0;;332.363;0.80883;0.09203;Amarelo;118;
87;CN;75679;C;26;0;;235.631;234.929;0.18748;Branco;123;
88;CN;71700;A;10;0;;232.558;0.13736;0.22295;Branco;123;
84;CN;75679;C;26;0;;235.631;234.929;0.18748;Rosa;124;
82;CN;75679;C;26;0;;235.631;234.929;0.18748;Amarelo;122;
83;CN;75679;C;26;0;;235.631;234.929;0.18748;Azul;121;
44;CH;70539;A;30;0;;301.946;0.00146;0.20988;Branco;119;
44;CH;72253;D;22;1;Não permitiu a convergência do algoritmo de estimação da TRI;;;;Branco;134;
44;CH;73501;B;6;0;;120.097;0.0843;0.29128;Azul;117;
45;CH;73501;B;6;0;;120.097;0.0843;0.29128;Branco;119;
44;CH;75706;C;7;0;;125.147;-0.22962;0.22347;Rosa;120;
44;CH;75706;C;7;0;;125.147;-0.22962;0.22347;Amarelo;118;
88;CN;71816;A;3;0;;309.728;0.6031;0.25936;Branco;133;
45;CH;71584;A;8;0;;186.075;0.39947;0.3565;Azul;117;
11;CH;75717;A;26;0;;197.592;0.03668;0.24629;Amarelo;118;
45;CH;75702;C;12;0;;619.928;140.247;0.16529;Branco;134;
10;CH;75717;A;26;0;;197.592;0.03668;0.24629;Rosa;120;
57;CN;75742;A;4;0;;141.684;-0.02949;0.09107;Azul;121;
89;CN;70807;D;29;0;;138.451;0.82654;0.21537;Branco;123;
55;CN;75742;A;4;0;;141.684;-0.02949;0.09107;Rosa;124;
54;CN;75742;A;4;0;;141.684;-0.02949;0.09107;Amarelo;122;
63;CN;75744;E;22;0;;211.177;0.95099;0.18297;Azul;121;
89;CN;73323;B;14;0;;0.57939;401.115;0.13007;Branco;133;
68;CN;75744;E;22;0;;211.177;0.95099;0.18297;Rosa;124;
68;CN;75744;E;22;0;;211.177;0.95099;0.18297;Amarelo;122;
92;LC;75791;D;5;0;;209.567;0.72174;0.12996;Cinza;135;0
149;MT;75795;A;23;0;;191.763;220.242;0.17835;Azul;131;
153;MT;75795;A;23;0;;191.763;220.242;0.17835;Rosa;132;
153;MT;75795;A;23;0;;191.763;220.242;0.17835;Amarelo;129;
179;MT;70563;C;6;0;;160.162;0.26671;0.2498;Cinza;130;
91;LC;75798;B;5;0;;377.928;0.53146;0.22956;Cinza;135;1
161;MT;75805;D;22;0;;350.021;206.026;0.13252;Cinza;136;
120;LC;75815;B;20;0;;309.403;-0.05655;0.19097;Cinza;135;
116;LC;75832;C;17;0;;268.782;175.732;0.16326;Rosa;128;
120;LC;75832;C;17;0;;268.782;175.732;0.16326;Amarelo;125;
126;LC;71848;D;24;0;;270.035;203.674;0.16129;Cinza;126;
118;LC;75832;C;17;0;;268.782;175.732;0.16326;Azul;127;
120;LC;75838;E;20;0;;147.183;0.49423;0.0227;Rosa;128;
118;LC;75838;E;20;0;;147.183;0.49423;0.0227;Amarelo;125;
127;LC;73670;E;24;0;;16.751;103.793;0.26168;Cinza;126;
119;LC;75838;E;20;0;;147.183;0.49423;0.0227;Azul;127;
93;LC;75845;D;5;0;;284.258;0.73444;0.21881;Rosa;128;1
93;LC;75845;D;5;0;;284.258;0.73444;0.21881;Amarelo;125;1
128;LC;71563;A;25;0;;32.395;0.14981;0.22707;Cinza;126;
91;LC;75845;D;5;0;;284.258;0.73444;0.21881;Azul;127;1
122;LC;75851;D;21;0;;280.244;0.10628;0.13059;Cinza;135;
128;LC;75875;C;26;0;;260.554;0.85151;0.26324;Rosa;128;
131;LC;75875;C;26;0;;260.554;0.85151;0.26324;Amarelo;125;
129;LC;75875;C;26;0;;260.554;0.85151;0.26324;Cinza;126;
128;LC;75875;C;26;0;;260.554;0.85151;0.26324;Azul;127;
94;LC;75876;D;5;0;;317.747;0.90967;0.16172;Cinza;135;0
153;MT;75890;E;18;0;;21.861;0.61239;0.13381;Azul;131;
150;MT;75890;E;18;0;;21.861;0.61239;0.13381;Rosa;132;
149;MT;75890;E;18;0;;21.861;0.61239;0.13381;Amarelo;129;
180;MT;70734;C;20;0;;141.344;0.04783;0.13377;Cinza;130;
91;LC;75898;D;5;0;;437.406;0.39162;0.31211;Rosa;128;0
93;LC;75898;D;5;0;;437.406;0.39162;0.31211;Amarelo;125;0
130;LC;76024;B;26;0;;263.512;0.79926;0.19579;Cinza;126;
93;LC;75898;D;5;0;;437.406;0.39162;0.31211;Azul;127;0
109;LC;75906;E;17;0;;151.037;-0.01073;0.02758;Cinza;135;
173;MT;75935;A;13;0;;203.396;0.37198;0.13823;Cinza;136;
102;LC;75944;E;3;0;;314.181;0.32133;0.19412;Rosa;128;
103;LC;75944;E;3;0;;314.181;0.32133;0.19412;Amarelo;125;
131;LC;71925;B;27;0;;249.678;189.997;0.1751;Cinza;126;
98;LC;75944;E;3;0;;314.181;0.32133;0.19412;Azul;127;
95;LC;75956;B;8;0;;17.956;0.70373;0.21008;Rosa;128;0
94;LC;75956;B;8;0;;17.956;0.70373;0.21008;Amarelo;125;0
132;LC;73614;C;28;0;;313.334;0.53074;0.18105;Cinza;126;
94;LC;75956;B;8;0;;17.956;0.70373;0.21008;Azul;127;0
95;LC;75960;C;8;0;;322.655;0.26588;0.24916;Rosa;128;1
94;LC;75960;C;8;0;;322.655;0.26588;0.24916;Amarelo;125;1
133;LC;71724;E;29;0;;245.232;0.65913;0.28468;Cinza;126;
94;LC;75960;C;8;0;;322.655;0.26588;0.24916;Azul;127;1
126;LC;75962;A;3;1;Não permitiu a convergência do algoritmo de estimação da TRI;;;;Cinza;135;
165;MT;75995;C;23;0;;210.741;16.418;0.20563;Cinza;136;
96;LC;76000;D;30;0;;199.641;0.50613;0.26926;Rosa;128;
97;LC;76000;D;30;0;;199.641;0.50613;0.26926;Amarelo;125;
134;LC;71418;A;30;0;;10.275;0.43957;0.00725;Cinza;126;
97;LC;76000;D;30;0;;199.641;0.50613;0.26926;Azul;127;
132;LC;76024;B;26;0;;263.512;0.79926;0.19579;Rosa;128;
129;LC;76024;B;26;0;;263.512;0.79926;0.19579;Amarelo;125;
135;LC;72011;E;10;0;;177.005;-0.01261;0.13218;Cinza;126;
131;LC;76024;B;26;0;;263.512;0.79926;0.19579;Azul;127;
143;MT;76288;A;19;0;;192.445;340.137;0.15784;Cinza;136;
90;CN;70302;C;30;0;;165.685;-180.092;0.09167;Branco;123;
90;CN;76318;E;9;0;;359.205;122.555;0.16848;Branco;133;
95;LC;76319;B;8;0;;410.044;101.647;0.21755;Cinza;135;0
